{"vids": ["2xXPSfQBP-w", "wvC3_Rs4mXs", "yeT52sDtYEU", "eyD2iwXOeFM", "ynmdOz_D1R4", "Vrz25x3qnTY", "0TLQg_b1v5Q", "5ywy531EMNA", "-wlSMSl02Xs", "r6JmI35r5E8", "1dALzTPQWJg", "mj1Fu3-XQpI", "b2EZggyT5O4", "XFYHIg8U--4", "jGsEBwiKnCI", "UZJ0nmB3epQ", "uMgpr6X5asI", "e3StC_4qemI", "N3c81EPZ51Q", "7oXrT1CqLCY", "bQKTjz0JKhg", "SXQHgJHYQgc", "s4coMAU80U4", "ntYwKXN82QU", "ZT1dvq6yacQ", "WIIjq2GexIw", "mZZJYDfmgeg", "u00iLnvVgFc", "PyWZYHy17As", "pn81__TovpY", "kz5dJ9SCu4M", "mQjCKgEPs8k", "VDMOFa8iRqo", "Ag6D8RGQnjw", "mUq6l7N6zuk", "jhAklPzn0XQ", "-6tnn1G1dRg", "yYOysPt5gic", "WcD8bG2VB_s", "JNznnqX6SsE", "ZY11rbwCaMM", "dKUomyn1TYQ", "yJ7VzfG2ONo"], "total_count": 3631, "audio_duration": 14981.580000000004, "count": {"types": {"motivation": {"count": 2.046511627906977, "portion": 0.02423574772789865}, "opening": {"count": 1.558139534883721, "portion": 0.018452217020104654}, "context": {"count": 7.325581395348837, "portion": 0.08675296061690994}, "instruction": {"count": 26.0, "portion": 0.3079041586339851}, "justification": {"count": 1.930232558139535, "portion": 0.02285871660699532}, "effect": {"count": 1.372093023255814, "portion": 0.016248967226659323}, "bridge": {"count": 2.2093023255813953, "portion": 0.026163591297163315}, "tool": {"count": 4.27906976744186, "portion": 0.050674745249242634}, "tool specification": {"count": 5.511627906976744, "portion": 0.06527127513081796}, "subgoal": {"count": 2.4651162790697674, "portion": 0.029193059763150647}, "side note": {"count": 8.046511627906977, "portion": 0.0952905535665106}, "status": {"count": 5.255813953488372, "portion": 0.062241806664830625}, "tip": {"count": 2.0697674418604652, "portion": 0.024511153952079315}, "closing": {"count": 1.9069767441860466, "portion": 0.02258331038281465}, "self-promo": {"count": 1.3488372093023255, "portion": 0.015973561002478657}, "warning": {"count": 2.0697674418604652, "portion": 0.024511153952079315}, "goal": {"count": 1.7906976744186047, "portion": 0.02120627926191132}, "outcome": {"count": 2.697674418604651, "portion": 0.031947122004957314}, "reflection": {"count": 3.8372093023255816, "portion": 0.04544202698980997}, "filler": {"count": 0.37209302325581395, "portion": 0.004406499586890664}, "briefing": {"count": 0.3488372093023256, "portion": 0.004131093362709997}}, "categories": {"overview": {"count": 4.186046511627907, "portion": 0.04957312035251997}, "greeting": {"count": 3.4651162790697674, "portion": 0.041035527402919304}, "description": {"count": 18.093023255813954, "portion": 0.21426604241255853}, "step": {"count": 32.74418604651163, "portion": 0.3877719636463784}, "explanation": {"count": 3.302325581395349, "portion": 0.03910768383365464}, "misc.": {"count": 11.976744186046512, "portion": 0.14183420545304323}, "supplementary": {"count": 4.1395348837209305, "portion": 0.04902230790415863}, "conclusion": {"count": 6.534883720930233, "portion": 0.07738914899476729}}, "sections": {"intro": {"count": 5.744186046511628, "portion": 0.06802533737262462}, "procedure": {"count": 58.27906976744186, "portion": 0.6901679977967502}, "misc.": {"count": 11.976744186046512, "portion": 0.14183420545304323}, "outro": {"count": 8.44186046511628, "portion": 0.09997245937758194}}}, "time_portion": {"types": {"motivation": {"time": 0.02950089376420911}, "opening": {"time": 0.011012857121879}, "context": {"time": 0.09531571436390553}, "instruction": {"time": 0.3573161175256548}, "justification": {"time": 0.023111047032422487}, "effect": {"time": 0.017886631450087363}, "bridge": {"time": 0.013154820786592606}, "tool": {"time": 0.05007682767772158}, "tool specification": {"time": 0.06635281458964942}, "subgoal": {"time": 0.03018706972161814}, "side note": {"time": 0.07444007908378154}, "status": {"time": 0.05355042659051979}, "tip": {"time": 0.024707006871104376}, "closing": {"time": 0.012071490456947801}, "self-promo": {"time": 0.015473000845037697}, "warning": {"time": 0.025074791844384912}, "goal": {"time": 0.024945299494445836}, "outcome": {"time": 0.026936411246343838}, "reflection": {"time": 0.04328582165565979}, "filler": {"time": 0.00078162650401359}, "briefing": {"time": 0.0048192513740206305}}, "categories": {"overview": {"time": 0.05926544463267559}, "greeting": {"time": 0.023084347578826794}, "description": {"time": 0.2152189555440747}, "step": {"time": 0.4375800149249946}, "explanation": {"time": 0.04099767848250986}, "misc.": {"time": 0.10384952721942543}, "supplementary": {"time": 0.04978179871548929}, "conclusion": {"time": 0.07022223290200362}}, "sections": {"intro": {"time": 0.07027830175455459}, "procedure": {"time": 0.7435784476670682}, "misc.": {"time": 0.10384952721942543}, "outro": {"time": 0.08229372335895144}}}, "unique_count": {"types": 14.47, "categories": 7.4, "sections": 3.95}}