{"vids": ["yu-G9kEKdTo", "0SMzqWV6xxs", "nnzPJv5XIws", "GFd7kLvhc2Q", "_Yb6xLqvsf0", "Nu_By3eTpoc", "XN3N5K2axpw"], "total_count": 625, "audio_duration": 2653.7299999999996, "count": {"types": {"motivation": {"count": 2.4285714285714284, "portion": 0.0272}, "opening": {"count": 1.2857142857142858, "portion": 0.0144}, "goal": {"count": 1.5714285714285714, "portion": 0.0176}, "side note": {"count": 5.0, "portion": 0.056}, "subgoal": {"count": 3.7142857142857144, "portion": 0.0416}, "instruction": {"count": 34.0, "portion": 0.3808}, "tool": {"count": 1.7142857142857142, "portion": 0.0192}, "status": {"count": 10.142857142857142, "portion": 0.1136}, "bridge": {"count": 2.4285714285714284, "portion": 0.0272}, "tool specification": {"count": 2.7142857142857144, "portion": 0.0304}, "justification": {"count": 2.4285714285714284, "portion": 0.0272}, "effect": {"count": 2.0, "portion": 0.0224}, "context": {"count": 6.0, "portion": 0.0672}, "outcome": {"count": 3.142857142857143, "portion": 0.0352}, "reflection": {"count": 4.571428571428571, "portion": 0.0512}, "closing": {"count": 3.0, "portion": 0.0336}, "self-promo": {"count": 1.1428571428571428, "portion": 0.0128}, "tip": {"count": 0.8571428571428571, "portion": 0.0096}, "filler": {"count": 0.8571428571428571, "portion": 0.0096}, "warning": {"count": 0.2857142857142857, "portion": 0.0032}}, "categories": {"overview": {"count": 4.0, "portion": 0.0448}, "greeting": {"count": 4.285714285714286, "portion": 0.048}, "misc.": {"count": 9.428571428571429, "portion": 0.1056}, "step": {"count": 39.42857142857143, "portion": 0.4416}, "description": {"count": 18.857142857142858, "portion": 0.2112}, "explanation": {"count": 4.428571428571429, "portion": 0.0496}, "conclusion": {"count": 7.714285714285714, "portion": 0.0864}, "supplementary": {"count": 1.1428571428571428, "portion": 0.0128}}, "sections": {"intro": {"count": 5.285714285714286, "portion": 0.0592}, "misc.": {"count": 9.428571428571429, "portion": 0.1056}, "procedure": {"count": 63.857142857142854, "portion": 0.7152}, "outro": {"count": 10.714285714285714, "portion": 0.12}}}, "time_portion": {"types": {"motivation": {"time": 0.03531632833784899}, "opening": {"time": 0.007822951091482556}, "goal": {"time": 0.0287972024282802}, "side note": {"time": 0.04621419662135939}, "subgoal": {"time": 0.02658522155607387}, "instruction": {"time": 0.4432854887271878}, "tool": {"time": 0.021011934145523475}, "status": {"time": 0.08694554457311028}, "bridge": {"time": 0.012646350608388939}, "tool specification": {"time": 0.030526843348795858}, "justification": {"time": 0.02998421090314389}, "effect": {"time": 0.03222633802233081}, "context": {"time": 0.07192517701499403}, "outcome": {"time": 0.023570596858007373}, "reflection": {"time": 0.05989305618883606}, "closing": {"time": 0.017179592498106452}, "self-promo": {"time": 0.013995395160773721}, "tip": {"time": 0.0088818380166784}, "filler": {"time": 0.00104381380170556}, "warning": {"time": 0.002147920097372374}}, "categories": {"overview": {"time": 0.06411353076612919}, "greeting": {"time": 0.025002543589589005}, "misc.": {"time": 0.0738997561922276}, "step": {"time": 0.49088264442878515}, "description": {"time": 0.1893975649369002}, "explanation": {"time": 0.0622105489254747}, "conclusion": {"time": 0.08346365304684343}, "supplementary": {"time": 0.011029758114050773}}, "sections": {"intro": {"time": 0.07193648185761174}, "misc.": {"time": 0.0738997561922276}, "procedure": {"time": 0.7535205164052107}, "outro": {"time": 0.10064324554494988}}}, "unique_count": {"types": 14.86, "categories": 7.29, "sections": 4.0}}