{"vids": ["Df9F8ettY8k", "eyD2iwXOeFM", "Xh_Awznyc7s", "bg3orsnRCVE", "kPGwDxo5Yf4", "cGn_oZPotZA", "ta5IB2wy6ic", "djvLEfwwQPU", "rqBiByEbMHc", "sM81wJ7GDrI", "AnWGek4P_dY", "4WaXJs9RR3E", "EnjZHOb6qNE", "Cvv1wiqKMHc", "k0koOhfXv_s", "ygRQRgR11Zg", "UriwETsgsqg", "m0H56KpKLHA", "T1j7Yq5-cIs", "2Xyfgwj92v0", "ihCwjLj31hY", "tb1L7Rsm1U8", "N3c81EPZ51Q", "KLLqGcgxQEw", "_Yb6xLqvsf0", "-szevr-BRZE", "ZT1dvq6yacQ", "WIIjq2GexIw", "XN3N5K2axpw", "uUBVc8Ugz0k", "ZeVRqW2J3UY", "dJ_qCDWNvXU", "pn81__TovpY", "BzxPDw6ezEc", "mQjCKgEPs8k", "ZmTxw3UbMO4", "5AU2vJU-QJM", "yYOysPt5gic"], "total_count": 3139, "audio_duration": 13617.610000000002, "count": {"types": {"opening": {"count": 1.763157894736842, "portion": 0.021344377190187957}, "goal": {"count": 1.5526315789473684, "portion": 0.01879579483912074}, "motivation": {"count": 1.7105263157894737, "portion": 0.020707231602421154}, "tool": {"count": 3.8947368421052633, "portion": 0.04714877349474355}, "tool specification": {"count": 3.6052631578947367, "portion": 0.043644472762026126}, "side note": {"count": 9.657894736842104, "portion": 0.11691621535520867}, "justification": {"count": 3.0789473684210527, "portion": 0.03727301688435808}, "briefing": {"count": 0.5263157894736842, "portion": 0.0063714558776680474}, "instruction": {"count": 30.44736842105263, "portion": 0.36858872252309655}, "bridge": {"count": 1.3157894736842106, "portion": 0.01592863969417012}, "status": {"count": 5.421052631578948, "portion": 0.06562599553998089}, "subgoal": {"count": 2.6842105263157894, "portion": 0.03249442497610704}, "effect": {"count": 1.5526315789473684, "portion": 0.01879579483912074}, "outcome": {"count": 1.868421052631579, "portion": 0.02261866836572157}, "reflection": {"count": 2.263157894736842, "portion": 0.0273972602739726}, "closing": {"count": 2.210526315789474, "portion": 0.0267601146862058}, "self-promo": {"count": 2.289473684210526, "portion": 0.027715833067856004}, "context": {"count": 4.657894736842105, "portion": 0.056387384517362214}, "tip": {"count": 1.0526315789473684, "portion": 0.012742911755336095}, "warning": {"count": 0.6842105263157895, "portion": 0.00828289264096846}, "filler": {"count": 0.3684210526315789, "portion": 0.004460019114367633}}, "categories": {"greeting": {"count": 3.973684210526316, "portion": 0.048104491876393755}, "overview": {"count": 3.789473684210526, "portion": 0.04587448231920994}, "step": {"count": 37.026315789473685, "portion": 0.4482319209939471}, "description": {"count": 13.68421052631579, "portion": 0.16565785281936923}, "misc.": {"count": 13.631578947368421, "portion": 0.16502070723160242}, "explanation": {"count": 4.631578947368421, "portion": 0.056068811723478815}, "conclusion": {"count": 4.131578947368421, "portion": 0.05001592863969417}, "supplementary": {"count": 1.736842105263158, "portion": 0.021025804396304557}}, "sections": {"intro": {"count": 5.552631578947368, "portion": 0.06721885950939789}, "procedure": {"count": 57.078947368421055, "portion": 0.6909843899330997}, "misc.": {"count": 13.631578947368421, "portion": 0.16502070723160242}, "outro": {"count": 6.342105263157895, "portion": 0.07677604332589996}}}, "time_portion": {"types": {"opening": {"time": 0.012571222116068821}, "goal": {"time": 0.023119328575278614}, "motivation": {"time": 0.01914359421366892}, "tool": {"time": 0.04628565511862946}, "tool specification": {"time": 0.0446399918928505}, "side note": {"time": 0.08412709719253232}, "justification": {"time": 0.03634485052810297}, "briefing": {"time": 0.009078685613701669}, "instruction": {"time": 0.4544828350936766}, "bridge": {"time": 0.00889142808466389}, "status": {"time": 0.05690058681369198}, "subgoal": {"time": 0.026116183383134046}, "effect": {"time": 0.018785969050369316}, "outcome": {"time": 0.01858108728330447}, "reflection": {"time": 0.026417264116096736}, "closing": {"time": 0.01275994833160884}, "self-promo": {"time": 0.024013024311901998}, "context": {"time": 0.05735367659963822}, "tip": {"time": 0.012375152468017514}, "warning": {"time": 0.007417601179649008}, "filler": {"time": 0.000594818033414084}}, "categories": {"greeting": {"time": 0.025331170447677666}, "overview": {"time": 0.051341608402649216}, "step": {"time": 0.52688467359544}, "description": {"time": 0.1588942553061807}, "misc.": {"time": 0.11762636762251233}, "explanation": {"time": 0.05513081957847229}, "conclusion": {"time": 0.044998351399401205}, "supplementary": {"time": 0.01979275364766652}}, "sections": {"intro": {"time": 0.06391283051871804}, "procedure": {"time": 0.7607025021277593}, "misc.": {"time": 0.11762636762251233}, "outro": {"time": 0.057758299731010036}}}, "unique_count": {"types": 14.79, "categories": 7.29, "sections": 3.97}}