{"vids": ["Y84sqS2Nljs", "WoDZQRGyuHA", "bxXXCP0AE5A", "OcjCNqfRgP0", "ysHg9vOMe_4", "eyD2iwXOeFM", "Xh_Awznyc7s", "yu-G9kEKdTo", "bg3orsnRCVE", "kPGwDxo5Yf4", "HFp5uH12wkc", "cGn_oZPotZA", "ynmdOz_D1R4", "sij_wNj0doI", "ta5IB2wy6ic", "1Ni8KOzRzuI", "BotYnPhByWg", "djvLEfwwQPU", "rqBiByEbMHc", "Vrz25x3qnTY", "sM81wJ7GDrI", "0TLQg_b1v5Q", "AnWGek4P_dY", "4WaXJs9RR3E", "Eeu5uL6r2rg", "-wlSMSl02Xs", "r6JmI35r5E8", "7IcOJEEObA0", "IICwmc4WX2E", "k0koOhfXv_s", "mj1Fu3-XQpI", "ygRQRgR11Zg", "b2EZggyT5O4", "kNsjE4HO7tE", "UriwETsgsqg", "CdZQF4DDAxM", "m0H56KpKLHA", "UZJ0nmB3epQ", "mwpb65gm1e0", "T1j7Yq5-cIs", "oe7Cz-dxSBY", "zMqzjMrxNR0", "T5MbMuoNQ1k", "ihCwjLj31hY", "tb1L7Rsm1U8", "uMgpr6X5asI", "e3StC_4qemI", "N3c81EPZ51Q", "7oXrT1CqLCY", "bQKTjz0JKhg", "SXQHgJHYQgc", "s4coMAU80U4", "AbhW9YbQ0fM", "Czi_ZirnzRo", "KLLqGcgxQEw", "0SMzqWV6xxs", "nnzPJv5XIws", "eDG1c6a6uqc", "GFd7kLvhc2Q", "73lxEIKyX8M", "-szevr-BRZE", "ZORD4y7dL08", "Nu_By3eTpoc", "1oiCLxngvBo", "ZeVRqW2J3UY", "dJ_qCDWNvXU", "BzxPDw6ezEc", "Rcsy2HRuiyA", "CxdRXDN1fkA", "Ag6D8RGQnjw", "ZmTxw3UbMO4", "z1Xv6Pa0toE", "mUq6l7N6zuk", "2OoebJA2mnE", "T622Ec77ZPY", "-xCtbeecgKQ", "QzS7Z80poKo", "jhAklPzn0XQ", "9mjXFA1TMTI", "bwxvH99sLqw", "WcD8bG2VB_s", "h281yamVFDc", "6CJryveLzvI", "xTARWxkTJw0"], "total_count": 6707, "audio_duration": 28930.970000000012, "count": {"types": {"opening": {"count": 1.3333333333333333, "portion": 0.01669897122409423}, "goal": {"count": 1.6785714285714286, "portion": 0.02102281198747577}, "motivation": {"count": 2.0238095238095237, "portion": 0.025346652750857315}, "instruction": {"count": 26.976190476190474, "portion": 0.3378559713731922}, "justification": {"count": 2.0357142857142856, "portion": 0.025495750708215296}, "context": {"count": 6.035714285714286, "portion": 0.07559266438049798}, "side note": {"count": 6.916666666666667, "portion": 0.08662591322498882}, "tool": {"count": 4.059523809523809, "portion": 0.05084240345907261}, "tool specification": {"count": 4.071428571428571, "portion": 0.05099150141643059}, "status": {"count": 6.416666666666667, "portion": 0.08036379901595349}, "subgoal": {"count": 2.2976190476190474, "portion": 0.02877590577009095}, "bridge": {"count": 2.2857142857142856, "portion": 0.028626807812732965}, "outcome": {"count": 2.3333333333333335, "portion": 0.029223199642164903}, "closing": {"count": 2.4166666666666665, "portion": 0.03026688534367079}, "briefing": {"count": 0.2976190476190476, "portion": 0.0037274489339496047}, "filler": {"count": 0.2261904761904762, "portion": 0.0028328611898017}, "effect": {"count": 1.0357142857142858, "portion": 0.012971522290144625}, "reflection": {"count": 3.1547619047619047, "portion": 0.03951095869986581}, "self-promo": {"count": 1.6904761904761905, "portion": 0.021171909944833756}, "tip": {"count": 1.3571428571428572, "portion": 0.0169971671388102}, "warning": {"count": 1.2023809523809523, "portion": 0.015058893693156404}}, "categories": {"greeting": {"count": 3.75, "portion": 0.04696585656776502}, "overview": {"count": 4.0, "portion": 0.05009691367228269}, "step": {"count": 33.333333333333336, "portion": 0.41747428060235575}, "explanation": {"count": 3.0714285714285716, "portion": 0.03846727299835992}, "description": {"count": 16.523809523809526, "portion": 0.20694796481288205}, "misc.": {"count": 11.119047619047619, "portion": 0.13925749217235725}, "conclusion": {"count": 5.488095238095238, "portion": 0.06873415834203071}, "supplementary": {"count": 2.5595238095238093, "portion": 0.032056060831966604}}, "sections": {"intro": {"count": 5.333333333333333, "portion": 0.06679588489637692}, "procedure": {"count": 55.48809523809524, "portion": 0.6949455792455643}, "misc.": {"count": 11.119047619047619, "portion": 0.13925749217235725}, "outro": {"count": 7.904761904761905, "portion": 0.0990010436857015}}}, "time_portion": {"types": {"opening": {"time": 0.008152854881810044}, "goal": {"time": 0.024569864059172566}, "motivation": {"time": 0.02673087006761265}, "instruction": {"time": 0.40667354050002447}, "justification": {"time": 0.028511315037138413}, "context": {"time": 0.07973807998833078}, "side note": {"time": 0.06505969208775234}, "tool": {"time": 0.049335020567924256}, "tool specification": {"time": 0.051647075780729065}, "status": {"time": 0.06856113016604694}, "subgoal": {"time": 0.027987654751983778}, "bridge": {"time": 0.014705348628131018}, "outcome": {"time": 0.025894741863131426}, "closing": {"time": 0.013836037989739022}, "briefing": {"time": 0.004599914900883031}, "filler": {"time": 0.000743493909813601}, "effect": {"time": 0.013610673959428242}, "reflection": {"time": 0.03807580596156988}, "self-promo": {"time": 0.020180104573057866}, "tip": {"time": 0.017457762390960276}, "warning": {"time": 0.013929017934759884}}, "categories": {"greeting": {"time": 0.02198889287154907}, "overview": {"time": 0.05590064902766823}, "step": {"time": 0.4839962158199327}, "explanation": {"time": 0.04212198899656665}, "description": {"time": 0.19994628593510683}, "misc.": {"time": 0.1006886391987548}, "conclusion": {"time": 0.06397054782470128}, "supplementary": {"time": 0.03138678032572016}}, "sections": {"intro": {"time": 0.06405350390947828}, "procedure": {"time": 0.7574512710773263}, "misc.": {"time": 0.1006886391987548}, "outro": {"time": 0.0778065858144403}}}, "unique_count": {"types": 14.3, "categories": 7.13, "sections": 3.96}}