{"vids": ["2xXPSfQBP-w", "wvC3_Rs4mXs", "yeT52sDtYEU", "ntwi2Unh3JQ", "Df9F8ettY8k", "A_qivvTkijw", "S0luUzNRtq0", "5ywy531EMNA", "EnjZHOb6qNE", "Cvv1wiqKMHc", "1dALzTPQWJg", "XFYHIg8U--4", "jGsEBwiKnCI", "0fxL8v2dMho", "2Xyfgwj92v0", "8DgsLNa3ums", "ntYwKXN82QU", "_Yb6xLqvsf0", "ZT1dvq6yacQ", "WIIjq2GexIw", "XN3N5K2axpw", "uUBVc8Ugz0k", "mZZJYDfmgeg", "u00iLnvVgFc", "PyWZYHy17As", "pn81__TovpY", "kz5dJ9SCu4M", "mQjCKgEPs8k", "VDMOFa8iRqo", "-6tnn1G1dRg", "5AU2vJU-QJM", "yYOysPt5gic", "JNznnqX6SsE", "ZY11rbwCaMM", "dKUomyn1TYQ", "yJ7VzfG2ONo"], "total_count": 3218, "audio_duration": 12959.150000000001, "count": {"types": {"motivation": {"count": 3.111111111111111, "portion": 0.03480422622747048}, "opening": {"count": 1.6111111111111112, "portion": 0.018023617153511497}, "context": {"count": 6.0, "portion": 0.06712243629583592}, "instruction": {"count": 28.305555555555557, "portion": 0.3166563082660037}, "justification": {"count": 2.7777777777777777, "portion": 0.031075201988812928}, "effect": {"count": 1.9444444444444444, "portion": 0.02175264139216905}, "bridge": {"count": 2.138888888888889, "portion": 0.023927905531385955}, "tool": {"count": 4.916666666666667, "portion": 0.05500310752019888}, "tool specification": {"count": 5.666666666666667, "portion": 0.06339341205717837}, "subgoal": {"count": 2.75, "portion": 0.030764449968924797}, "side note": {"count": 8.25, "portion": 0.09229334990677439}, "status": {"count": 5.805555555555555, "portion": 0.06494717215661902}, "tip": {"count": 1.8611111111111112, "portion": 0.020820385332504663}, "closing": {"count": 2.0, "portion": 0.022374145431945307}, "self-promo": {"count": 1.8333333333333333, "portion": 0.020509633312616533}, "warning": {"count": 1.5, "portion": 0.01678060907395898}, "goal": {"count": 1.8611111111111112, "portion": 0.020820385332504663}, "outcome": {"count": 2.7222222222222223, "portion": 0.030453697949036667}, "reflection": {"count": 3.0277777777777777, "portion": 0.03387197016780609}, "briefing": {"count": 0.7777777777777778, "portion": 0.00870105655686762}, "filler": {"count": 0.5277777777777778, "portion": 0.005904288377874456}}, "categories": {"overview": {"count": 5.75, "portion": 0.06432566811684276}, "greeting": {"count": 3.611111111111111, "portion": 0.040397762585456805}, "description": {"count": 17.47222222222222, "portion": 0.19546302050963332}, "step": {"count": 35.97222222222222, "portion": 0.4024238657551274}, "explanation": {"count": 4.722222222222222, "portion": 0.052827843380981974}, "misc.": {"count": 12.75, "portion": 0.14263517712865134}, "supplementary": {"count": 3.361111111111111, "portion": 0.03760099440646364}, "conclusion": {"count": 5.75, "portion": 0.06432566811684276}}, "sections": {"intro": {"count": 7.361111111111111, "portion": 0.08234928527035426}, "procedure": {"count": 61.52777777777778, "portion": 0.6883157240522063}, "misc.": {"count": 12.75, "portion": 0.14263517712865134}, "outro": {"count": 7.75, "portion": 0.08669981354878807}}}, "time_portion": {"types": {"motivation": {"time": 0.03839449346600664}, "opening": {"time": 0.012534772728149604}, "context": {"time": 0.07363523070571758}, "instruction": {"time": 0.3602034084025574}, "justification": {"time": 0.029554407503578562}, "effect": {"time": 0.02457028431648679}, "bridge": {"time": 0.012429827573567717}, "tool": {"time": 0.05507845807788319}, "tool specification": {"time": 0.06273096615132936}, "subgoal": {"time": 0.024595748949583874}, "side note": {"time": 0.07818954175235263}, "status": {"time": 0.056583186397255965}, "tip": {"time": 0.0201610445129503}, "closing": {"time": 0.012962269901961128}, "self-promo": {"time": 0.01877592280357893}, "warning": {"time": 0.018394724962671152}, "goal": {"time": 0.024916757657716743}, "outcome": {"time": 0.02894788624253905}, "reflection": {"time": 0.035280863328227524}, "briefing": {"time": 0.011174343996326915}, "filler": {"time": 0.0008858605695589594}}, "categories": {"overview": {"time": 0.0744855951200503}, "greeting": {"time": 0.025497042630110735}, "description": {"time": 0.1929493832543029}, "step": {"time": 0.43987761543002435}, "explanation": {"time": 0.054124691820065345}, "misc.": {"time": 0.11028115269905821}, "supplementary": {"time": 0.038555769475621456}, "conclusion": {"time": 0.06422874957076659}}, "sections": {"intro": {"time": 0.08702036784819991}, "procedure": {"time": 0.7255074599800139}, "misc.": {"time": 0.11028115269905821}, "outro": {"time": 0.0771910194727277}}}, "unique_count": {"types": 15.19, "categories": 7.53, "sections": 3.97}}