{"vids": ["WoDZQRGyuHA", "HFp5uH12wkc", "ta5IB2wy6ic", "1Ni8KOzRzuI", "djvLEfwwQPU", "EnjZHOb6qNE", "UriwETsgsqg", "0fxL8v2dMho", "mwpb65gm1e0", "oe7Cz-dxSBY", "T5MbMuoNQ1k", "tb1L7Rsm1U8", "8DgsLNa3ums", "ZeVRqW2J3UY", "ZmTxw3UbMO4", "T622Ec77ZPY", "6CJryveLzvI", "xTARWxkTJw0"], "total_count": 1577, "audio_duration": 6415.310000000001, "count": {"types": {"opening": {"count": 1.3333333333333333, "portion": 0.015218769816106531}, "goal": {"count": 1.5555555555555556, "portion": 0.017755231452124286}, "tool": {"count": 5.277777777777778, "portion": 0.060240963855421686}, "tool specification": {"count": 4.333333333333333, "portion": 0.04946100190234623}, "briefing": {"count": 0.7222222222222222, "portion": 0.008243500317057704}, "bridge": {"count": 3.611111111111111, "portion": 0.04121750158528852}, "subgoal": {"count": 2.888888888888889, "portion": 0.032974001268230815}, "instruction": {"count": 26.11111111111111, "portion": 0.29803424223208624}, "justification": {"count": 2.9444444444444446, "portion": 0.033608116677235254}, "side note": {"count": 11.38888888888889, "portion": 0.12999365884590997}, "status": {"count": 8.11111111111111, "portion": 0.09258084971464807}, "context": {"count": 4.333333333333333, "portion": 0.04946100190234623}, "filler": {"count": 0.3333333333333333, "portion": 0.003804692454026633}, "effect": {"count": 1.1111111111111112, "portion": 0.012682308180088777}, "reflection": {"count": 1.9444444444444444, "portion": 0.02219403931515536}, "closing": {"count": 3.1666666666666665, "portion": 0.03614457831325301}, "self-promo": {"count": 1.7777777777777777, "portion": 0.020291693088142042}, "motivation": {"count": 3.1666666666666665, "portion": 0.03614457831325301}, "outcome": {"count": 1.8888888888888888, "portion": 0.02155992390615092}, "tip": {"count": 0.8888888888888888, "portion": 0.010145846544071021}, "warning": {"count": 0.7222222222222222, "portion": 0.008243500317057704}}, "categories": {"greeting": {"count": 4.5, "portion": 0.05136334812935954}, "overview": {"count": 5.444444444444445, "portion": 0.062143310082435003}, "step": {"count": 34.27777777777778, "portion": 0.39124920735573876}, "description": {"count": 16.77777777777778, "portion": 0.19150285351934052}, "misc.": {"count": 17.11111111111111, "portion": 0.19530754597336716}, "explanation": {"count": 4.055555555555555, "portion": 0.046290424857324035}, "conclusion": {"count": 3.8333333333333335, "portion": 0.04375396322130628}, "supplementary": {"count": 1.6111111111111112, "portion": 0.018389346861128725}}, "sections": {"intro": {"count": 6.777777777777778, "portion": 0.07736207989854153}, "procedure": {"count": 56.72222222222222, "portion": 0.647431832593532}, "misc.": {"count": 17.11111111111111, "portion": 0.19530754597336716}, "outro": {"count": 7.0, "portion": 0.07989854153455929}}}, "time_portion": {"types": {"opening": {"time": 0.00965191081958627}, "goal": {"time": 0.020348198294392626}, "tool": {"time": 0.05696840838556515}, "tool specification": {"time": 0.05320553488451843}, "briefing": {"time": 0.008867848942607604}, "bridge": {"time": 0.0225398304992276}, "subgoal": {"time": 0.02873438695869726}, "instruction": {"time": 0.3786052427708092}, "justification": {"time": 0.03562103779864107}, "side note": {"time": 0.10129674170071283}, "status": {"time": 0.08254472504056701}, "context": {"time": 0.05518049790267343}, "filler": {"time": 0.000573627774807456}, "effect": {"time": 0.01217556127451362}, "reflection": {"time": 0.02545005619369909}, "closing": {"time": 0.01670535017013984}, "self-promo": {"time": 0.018303090575513905}, "motivation": {"time": 0.03323455920290679}, "outcome": {"time": 0.017430178744285096}, "tip": {"time": 0.012131915682952191}, "warning": {"time": 0.010431296383183351}}, "categories": {"greeting": {"time": 0.026357260989726114}, "overview": {"time": 0.06245060643990702}, "step": {"time": 0.4643080381150716}, "description": {"time": 0.1909307578277589}, "misc.": {"time": 0.1427132905502618}, "explanation": {"time": 0.04779659907315469}, "conclusion": {"time": 0.04288023493798419}, "supplementary": {"time": 0.022563212066135544}}, "sections": {"intro": {"time": 0.0721025172594933}, "procedure": {"time": 0.7255986070821207}, "misc.": {"time": 0.1427132905502618}, "outro": {"time": 0.05958558510812403}}}, "unique_count": {"types": 15.11, "categories": 7.17, "sections": 4.0}}