{"vids": ["Y84sqS2Nljs", "bxXXCP0AE5A", "ntwi2Unh3JQ", "Df9F8ettY8k", "OcjCNqfRgP0", "ysHg9vOMe_4", "A_qivvTkijw", "Xh_Awznyc7s", "S0luUzNRtq0", "bg3orsnRCVE", "kPGwDxo5Yf4", "cGn_oZPotZA", "sij_wNj0doI", "BotYnPhByWg", "rqBiByEbMHc", "sM81wJ7GDrI", "AnWGek4P_dY", "4WaXJs9RR3E", "Eeu5uL6r2rg", "Cvv1wiqKMHc", "7IcOJEEObA0", "IICwmc4WX2E", "k0koOhfXv_s", "ygRQRgR11Zg", "kNsjE4HO7tE", "CdZQF4DDAxM", "m0H56KpKLHA", "T1j7Yq5-cIs", "zMqzjMrxNR0", "2Xyfgwj92v0", "ihCwjLj31hY", "AbhW9YbQ0fM", "Czi_ZirnzRo", "KLLqGcgxQEw", "eDG1c6a6uqc", "73lxEIKyX8M", "-szevr-BRZE", "ZORD4y7dL08", "uUBVc8Ugz0k", "1oiCLxngvBo", "dJ_qCDWNvXU", "BzxPDw6ezEc", "Rcsy2HRuiyA", "CxdRXDN1fkA", "z1Xv6Pa0toE", "2OoebJA2mnE", "-xCtbeecgKQ", "QzS7Z80poKo", "9mjXFA1TMTI", "bwxvH99sLqw", "5AU2vJU-QJM", "h281yamVFDc"], "total_count": 4092, "audio_duration": 17839.500000000004, "count": {"types": {"opening": {"count": 1.3461538461538463, "portion": 0.01710654936461388}, "goal": {"count": 1.7692307692307692, "portion": 0.022482893450635387}, "motivation": {"count": 2.3076923076923075, "portion": 0.02932551319648094}, "instruction": {"count": 28.057692307692307, "portion": 0.35654936461388076}, "justification": {"count": 2.269230769230769, "portion": 0.028836754643206255}, "context": {"count": 5.538461538461538, "portion": 0.07038123167155426}, "side note": {"count": 5.615384615384615, "portion": 0.07135874877810362}, "tool": {"count": 4.365384615384615, "portion": 0.05547409579667644}, "tool specification": {"count": 4.076923076923077, "portion": 0.05180840664711633}, "status": {"count": 5.865384615384615, "portion": 0.07453567937438905}, "subgoal": {"count": 2.076923076923077, "portion": 0.026392961876832845}, "bridge": {"count": 1.7692307692307692, "portion": 0.022482893450635387}, "outcome": {"count": 2.3461538461538463, "portion": 0.029814271749755622}, "closing": {"count": 2.2115384615384617, "portion": 0.028103616813294232}, "tip": {"count": 1.3461538461538463, "portion": 0.01710654936461388}, "self-promo": {"count": 2.1153846153846154, "portion": 0.026881720430107527}, "reflection": {"count": 2.730769230769231, "portion": 0.03470185728250244}, "effect": {"count": 1.2307692307692308, "portion": 0.015640273704789834}, "briefing": {"count": 0.4807692307692308, "portion": 0.006109481915933529}, "warning": {"count": 0.9807692307692307, "portion": 0.012463343108504398}, "filler": {"count": 0.19230769230769232, "portion": 0.0024437927663734115}}, "categories": {"greeting": {"count": 3.5576923076923075, "portion": 0.045210166177908115}, "overview": {"count": 4.5576923076923075, "portion": 0.05791788856304985}, "step": {"count": 34.5, "portion": 0.43841642228739003}, "explanation": {"count": 3.5, "portion": 0.04447702834799609}, "description": {"count": 15.48076923076923, "portion": 0.19672531769305962}, "misc.": {"count": 9.692307692307692, "portion": 0.12316715542521994}, "conclusion": {"count": 5.076923076923077, "portion": 0.06451612903225806}, "supplementary": {"count": 2.326923076923077, "portion": 0.02956989247311828}}, "sections": {"intro": {"count": 5.903846153846154, "portion": 0.07502443792766374}, "procedure": {"count": 55.80769230769231, "portion": 0.7091886608015641}, "misc.": {"count": 9.692307692307692, "portion": 0.12316715542521994}, "outro": {"count": 7.288461538461538, "portion": 0.0926197458455523}}}, "time_portion": {"types": {"opening": {"time": 0.008444182852658426}, "goal": {"time": 0.025395891140446752}, "motivation": {"time": 0.02926147033268869}, "instruction": {"time": 0.41901398581798815}, "justification": {"time": 0.031028335995964017}, "context": {"time": 0.07221614955576106}, "side note": {"time": 0.05649205414949972}, "tool": {"time": 0.05435242019114883}, "tool specification": {"time": 0.04993021104851593}, "status": {"time": 0.06470248605622357}, "subgoal": {"time": 0.023616693292973456}, "bridge": {"time": 0.011843381260685548}, "outcome": {"time": 0.03062754000952941}, "closing": {"time": 0.013153956108635314}, "tip": {"time": 0.01652456627147622}, "self-promo": {"time": 0.02470809159449535}, "reflection": {"time": 0.03296504946887523}, "effect": {"time": 0.01572801928305164}, "briefing": {"time": 0.00834104094845707}, "warning": {"time": 0.010823173295215673}, "filler": {"time": 0.0008313013257097987}}, "categories": {"greeting": {"time": 0.02159813896129374}, "overview": {"time": 0.0629984024215925}, "step": {"time": 0.4969830993021104}, "explanation": {"time": 0.046756355279015664}, "description": {"time": 0.18684884666050058}, "misc.": {"time": 0.09387482833039044}, "conclusion": {"time": 0.06359258947840463}, "supplementary": {"time": 0.027347739566691898}}, "sections": {"intro": {"time": 0.07144258527425092}, "procedure": {"time": 0.7579360408083184}, "misc.": {"time": 0.09387482833039044}, "outro": {"time": 0.07674654558703996}}}, "unique_count": {"types": 14.42, "categories": 7.15, "sections": 3.96}}