{"vids": ["yu-G9kEKdTo", "1Ni8KOzRzuI", "oe7Cz-dxSBY", "z1Xv6Pa0toE"], "total_count": 308, "audio_duration": 1363.4399999999998, "count": {"types": {"motivation": {"count": 6.25, "portion": 0.08116883116883117}, "opening": {"count": 1.5, "portion": 0.01948051948051948}, "goal": {"count": 1.25, "portion": 0.016233766233766232}, "side note": {"count": 6.5, "portion": 0.08441558441558442}, "subgoal": {"count": 3.25, "portion": 0.04220779220779221}, "instruction": {"count": 22.5, "portion": 0.2922077922077922}, "tool": {"count": 3.0, "portion": 0.03896103896103896}, "status": {"count": 8.75, "portion": 0.11363636363636363}, "bridge": {"count": 1.25, "portion": 0.016233766233766232}, "tool specification": {"count": 1.75, "portion": 0.022727272727272728}, "justification": {"count": 2.25, "portion": 0.02922077922077922}, "effect": {"count": 1.0, "portion": 0.012987012987012988}, "context": {"count": 2.5, "portion": 0.032467532467532464}, "outcome": {"count": 1.25, "portion": 0.016233766233766232}, "reflection": {"count": 5.0, "portion": 0.06493506493506493}, "closing": {"count": 2.0, "portion": 0.025974025974025976}, "self-promo": {"count": 2.0, "portion": 0.025974025974025976}, "filler": {"count": 0.25, "portion": 0.003246753246753247}, "warning": {"count": 3.5, "portion": 0.045454545454545456}, "tip": {"count": 1.25, "portion": 0.016233766233766232}}, "categories": {"overview": {"count": 7.5, "portion": 0.09740259740259741}, "greeting": {"count": 3.5, "portion": 0.045454545454545456}, "misc.": {"count": 10.0, "portion": 0.12987012987012986}, "step": {"count": 28.75, "portion": 0.37337662337662336}, "description": {"count": 13.0, "portion": 0.16883116883116883}, "explanation": {"count": 3.25, "portion": 0.04220779220779221}, "conclusion": {"count": 6.25, "portion": 0.08116883116883117}, "supplementary": {"count": 4.75, "portion": 0.06168831168831169}}, "sections": {"intro": {"count": 9.0, "portion": 0.11688311688311688}, "misc.": {"count": 10.0, "portion": 0.12987012987012986}, "procedure": {"count": 49.75, "portion": 0.6461038961038961}, "outro": {"count": 8.25, "portion": 0.10714285714285714}}}, "time_portion": {"types": {"motivation": {"time": 0.06922196796338673}, "opening": {"time": 0.004627999765299537}, "goal": {"time": 0.022919967141935105}, "side note": {"time": 0.07295517221146507}, "subgoal": {"time": 0.037823446576307006}, "instruction": {"time": 0.3550724637681158}, "tool": {"time": 0.03924631813647828}, "status": {"time": 0.09841283811535534}, "bridge": {"time": 0.00926333392008448}, "tool specification": {"time": 0.020484949832775934}, "justification": {"time": 0.03221263861996131}, "effect": {"time": 0.011764360734612447}, "context": {"time": 0.041681335445637506}, "outcome": {"time": 0.008053159654990292}, "reflection": {"time": 0.0618215689725987}, "closing": {"time": 0.010561520859003682}, "self-promo": {"time": 0.025523675409258904}, "filler": {"time": 0.00035938508478553877}, "warning": {"time": 0.05883647245203312}, "tip": {"time": 0.019157425335915086}}, "categories": {"overview": {"time": 0.09214193510532183}, "greeting": {"time": 0.015189520624303217}, "misc.": {"time": 0.10810156662559399}, "step": {"time": 0.43214222848090117}, "description": {"time": 0.16057912339376876}, "explanation": {"time": 0.043976999354573755}, "conclusion": {"time": 0.06987472862758899}, "supplementary": {"time": 0.0779938977879482}}, "sections": {"intro": {"time": 0.09676993487062138}, "misc.": {"time": 0.10810156662559399}, "procedure": {"time": 0.7146922490171919}, "outro": {"time": 0.08043624948659267}}}, "unique_count": {"types": 15.0, "categories": 7.25, "sections": 4.0}}