{"vids": ["2xXPSfQBP-w", "wvC3_Rs4mXs", "Y84sqS2Nljs", "WoDZQRGyuHA", "bxXXCP0AE5A", "yeT52sDtYEU", "ntwi2Unh3JQ", "OcjCNqfRgP0", "ysHg9vOMe_4", "A_qivvTkijw", "S0luUzNRtq0", "HFp5uH12wkc", "ynmdOz_D1R4", "sij_wNj0doI", "BotYnPhByWg", "Vrz25x3qnTY", "0TLQg_b1v5Q", "5ywy531EMNA", "Eeu5uL6r2rg", "-wlSMSl02Xs", "r6JmI35r5E8", "7IcOJEEObA0", "IICwmc4WX2E", "1dALzTPQWJg", "mj1Fu3-XQpI", "b2EZggyT5O4", "kNsjE4HO7tE", "XFYHIg8U--4", "jGsEBwiKnCI", "CdZQF4DDAxM", "0fxL8v2dMho", "UZJ0nmB3epQ", "mwpb65gm1e0", "zMqzjMrxNR0", "T5MbMuoNQ1k", "uMgpr6X5asI", "e3StC_4qemI", "8DgsLNa3ums", "7oXrT1CqLCY", "bQKTjz0JKhg", "SXQHgJHYQgc", "s4coMAU80U4", "ntYwKXN82QU", "AbhW9YbQ0fM", "Czi_ZirnzRo", "0SMzqWV6xxs", "nnzPJv5XIws", "eDG1c6a6uqc", "GFd7kLvhc2Q", "73lxEIKyX8M", "ZORD4y7dL08", "Nu_By3eTpoc", "mZZJYDfmgeg", "1oiCLxngvBo", "u00iLnvVgFc", "PyWZYHy17As", "kz5dJ9SCu4M", "VDMOFa8iRqo", "Rcsy2HRuiyA", "CxdRXDN1fkA", "Ag6D8RGQnjw", "mUq6l7N6zuk", "2OoebJA2mnE", "T622Ec77ZPY", "-xCtbeecgKQ", "QzS7Z80poKo", "jhAklPzn0XQ", "-6tnn1G1dRg", "9mjXFA1TMTI", "bwxvH99sLqw", "WcD8bG2VB_s", "JNznnqX6SsE", "h281yamVFDc", "ZY11rbwCaMM", "dKUomyn1TYQ", "6CJryveLzvI", "yJ7VzfG2ONo", "xTARWxkTJw0"], "total_count": 6478, "audio_duration": 26909.07000000001, "count": {"types": {"motivation": {"count": 2.4615384615384617, "portion": 0.02963877740043223}, "opening": {"count": 1.2435897435897436, "portion": 0.014973757332510034}, "context": {"count": 6.871794871794871, "portion": 0.08274158690953998}, "instruction": {"count": 26.128205128205128, "portion": 0.31460327261500465}, "justification": {"count": 1.858974358974359, "portion": 0.022383451682618093}, "effect": {"count": 1.205128205128205, "portion": 0.014510651435628281}, "bridge": {"count": 2.7435897435897436, "portion": 0.033034887310898424}, "tool": {"count": 4.589743589743589, "portion": 0.0552639703612226}, "tool specification": {"count": 5.153846153846154, "portion": 0.06205619018215498}, "subgoal": {"count": 2.269230769230769, "portion": 0.027323247916023464}, "side note": {"count": 6.217948717948718, "portion": 0.07486878666255017}, "status": {"count": 6.5, "portion": 0.07826489657301636}, "tip": {"count": 1.7435897435897436, "portion": 0.020994133991972832}, "closing": {"count": 2.3461538461538463, "portion": 0.02824945970978697}, "self-promo": {"count": 1.4487179487179487, "portion": 0.01744365544921272}, "warning": {"count": 1.4743589743589745, "portion": 0.017752392713800556}, "goal": {"count": 1.8461538461538463, "portion": 0.022229083050324176}, "outcome": {"count": 2.7948717948717947, "portion": 0.0336523618400741}, "briefing": {"count": 0.4230769230769231, "portion": 0.00509416486569929}, "filler": {"count": 0.2948717948717949, "portion": 0.0035504785427601113}, "reflection": {"count": 3.4358974358974357, "portion": 0.04137079345476999}}, "categories": {"overview": {"count": 4.730769230769231, "portion": 0.056962025316455694}, "greeting": {"count": 3.58974358974359, "portion": 0.04322321704229701}, "description": {"count": 18.525641025641026, "portion": 0.22306267366471133}, "step": {"count": 32.98717948717949, "portion": 0.39719049089225067}, "explanation": {"count": 3.0641025641025643, "portion": 0.036894103118246376}, "misc.": {"count": 10.705128205128204, "portion": 0.1288978079654214}, "supplementary": {"count": 3.217948717948718, "portion": 0.03874652670577339}, "conclusion": {"count": 6.230769230769231, "portion": 0.07502315529484409}}, "sections": {"intro": {"count": 5.9743589743589745, "portion": 0.07193578264896573}, "procedure": {"count": 57.794871794871796, "portion": 0.6958937943809818}, "misc.": {"count": 10.705128205128204, "portion": 0.1288978079654214}, "outro": {"count": 8.576923076923077, "portion": 0.10327261500463106}}}, "time_portion": {"types": {"motivation": {"time": 0.03403462104041498}, "opening": {"time": 0.008205783403142508}, "context": {"time": 0.09005513754284335}, "instruction": {"time": 0.3627141331900358}, "justification": {"time": 0.024861877426458807}, "effect": {"time": 0.016363255957935367}, "bridge": {"time": 0.016827411724002348}, "tool": {"time": 0.054155346134221634}, "tool specification": {"time": 0.062109913125945986}, "subgoal": {"time": 0.026802858664383433}, "side note": {"time": 0.06133359495515824}, "status": {"time": 0.06718106571501722}, "tip": {"time": 0.021245624616532635}, "closing": {"time": 0.014125720435526002}, "self-promo": {"time": 0.017293425599621246}, "warning": {"time": 0.017099438962401892}, "goal": {"time": 0.02555458066741063}, "outcome": {"time": 0.031970261328243585}, "briefing": {"time": 0.005732639589551029}, "filler": {"time": 0.0009067574613318121}, "reflection": {"time": 0.04142655245982112}}, "categories": {"overview": {"time": 0.06532184129737667}, "greeting": {"time": 0.02233150383866851}, "description": {"time": 0.21934611638380658}, "step": {"time": 0.4436723379886408}, "explanation": {"time": 0.041225133384394166}, "misc.": {"time": 0.09636118974011366}, "supplementary": {"time": 0.03834506357893453}, "conclusion": {"time": 0.0733968137880647}}, "sections": {"intro": {"time": 0.07352762470051914}, "procedure": {"time": 0.7425886513357763}, "misc.": {"time": 0.09636118974011366}, "outro": {"time": 0.08752253422359067}}}, "unique_count": {"types": 14.44, "categories": 7.23, "sections": 3.96}}