{"vid": "b2EZggyT5O4", "total": 66, "duration": 387.680375, "count": {"types": {"opening": {"count": 1, "portion": 0.015151515151515152}, "goal": {"count": 3, "portion": 0.045454545454545456}, "context": {"count": 32, "portion": 0.48484848484848486}, "tool": {"count": 3, "portion": 0.045454545454545456}, "tool specification": {"count": 2, "portion": 0.030303030303030304}, "bridge": {"count": 2, "portion": 0.030303030303030304}, "instruction": {"count": 9, "portion": 0.13636363636363635}, "status": {"count": 6, "portion": 0.09090909090909091}, "effect": {"count": 3, "portion": 0.045454545454545456}, "justification": {"count": 1, "portion": 0.015151515151515152}, "subgoal": {"count": 1, "portion": 0.015151515151515152}, "closing": {"count": 3, "portion": 0.045454545454545456}}, "categories": {"greeting": {"count": 4, "portion": 0.06060606060606061}, "overview": {"count": 3, "portion": 0.045454545454545456}, "description": {"count": 38, "portion": 0.5757575757575758}, "step": {"count": 15, "portion": 0.22727272727272727}, "misc.": {"count": 2, "portion": 0.030303030303030304}, "explanation": {"count": 4, "portion": 0.06060606060606061}}, "sections": {"intro": {"count": 4, "portion": 0.06060606060606061}, "procedure": {"count": 57, "portion": 0.8636363636363636}, "misc.": {"count": 2, "portion": 0.030303030303030304}, "outro": {"count": 3, "portion": 0.045454545454545456}}}, "time_portion": {"types": {"opening": {"time": 1.42, "portion": 0.0036628111495197553}, "goal": {"time": 15.909999999999998, "portion": 0.04103896154145022}, "context": {"time": 170.8800000000001, "portion": 0.4407754712886875}, "tool": {"time": 16.320000000000007, "portion": 0.04209653377476228}, "tool specification": {"time": 5.359999999999999, "portion": 0.01382582236720133}, "bridge": {"time": 9.759999999999948, "portion": 0.025175378041769454}, "instruction": {"time": 73.22, "portion": 0.18886692420270176}, "status": {"time": 24.32000000000005, "portion": 0.06273208954670467}, "effect": {"time": 17.350000000000023, "portion": 0.044753361580399886}, "justification": {"time": 3.0500000000000114, "portion": 0.007867305638053025}, "subgoal": {"time": 5.8700000000000045, "portion": 0.015141339047662664}, "closing": {"time": 4.2000000000000455, "portion": 0.010833666780269816}}, "categories": {"greeting": {"time": 5.620000000000045, "portion": 0.014496477929789572}, "overview": {"time": 15.909999999999998, "portion": 0.04103896154145022}, "description": {"time": 195.20000000000016, "portion": 0.5035075608353922}, "step": {"time": 100.77000000000001, "portion": 0.25993061939232803}, "misc.": {"time": 9.759999999999948, "portion": 0.025175378041769454}, "explanation": {"time": 20.400000000000034, "portion": 0.05262066721845291}}, "sections": {"intro": {"time": 17.33, "portion": 0.04470177269096997}, "procedure": {"time": 316.37000000000023, "portion": 0.8160588474461732}, "misc.": {"time": 9.759999999999948, "portion": 0.025175378041769454}, "outro": {"time": 4.2000000000000455, "portion": 0.010833666780269816}}}, "unique_count": {"types": {"items": ["opening", "goal", "context", "tool", "tool specification", "bridge", "instruction", "status", "effect", "justification", "subgoal", "closing"], "number": 12}, "categories": {"items": ["greeting", "overview", "description", "step", "misc.", "explanation"], "number": 6}, "sections": {"items": ["intro", "procedure", "misc.", "outro"], "number": 4}}}