{"vid": "CdZQF4DDAxM", "total": 92, "duration": 519.1053125, "count": {"types": {"goal": {"count": 1, "portion": 0.010869565217391304}, "tool": {"count": 2, "portion": 0.021739130434782608}, "tool specification": {"count": 5, "portion": 0.05434782608695652}, "instruction": {"count": 52, "portion": 0.5652173913043478}, "bridge": {"count": 4, "portion": 0.043478260869565216}, "status": {"count": 3, "portion": 0.03260869565217391}, "outcome": {"count": 6, "portion": 0.06521739130434782}, "warning": {"count": 4, "portion": 0.043478260869565216}, "reflection": {"count": 4, "portion": 0.043478260869565216}, "closing": {"count": 3, "portion": 0.03260869565217391}, "side note": {"count": 5, "portion": 0.05434782608695652}, "context": {"count": 2, "portion": 0.021739130434782608}, "self-promo": {"count": 1, "portion": 0.010869565217391304}}, "categories": {"overview": {"count": 1, "portion": 0.010869565217391304}, "step": {"count": 59, "portion": 0.6413043478260869}, "misc.": {"count": 10, "portion": 0.10869565217391304}, "description": {"count": 5, "portion": 0.05434782608695652}, "conclusion": {"count": 10, "portion": 0.10869565217391304}, "supplementary": {"count": 4, "portion": 0.043478260869565216}, "greeting": {"count": 3, "portion": 0.03260869565217391}}, "sections": {"intro": {"count": 1, "portion": 0.010869565217391304}, "procedure": {"count": 68, "portion": 0.7391304347826086}, "misc.": {"count": 10, "portion": 0.10869565217391304}, "outro": {"count": 13, "portion": 0.14130434782608695}}}, "time_portion": {"types": {"goal": {"time": 6.43, "portion": 0.012386696581919493}, "tool": {"time": 8.489999999999998, "portion": 0.016355062827448908}, "tool specification": {"time": 40.890000000000015, "portion": 0.07877014358237765}, "instruction": {"time": 247.51, "portion": 0.47680113079174086}, "bridge": {"time": 12.329999999999998, "portion": 0.023752405731736755}, "status": {"time": 12.650000000000034, "portion": 0.02436885097376081}, "outcome": {"time": 15.779999999999973, "portion": 0.030398455997307817}, "warning": {"time": 10.159999999999968, "portion": 0.019572136434261533}, "reflection": {"time": 14.639999999999986, "portion": 0.028202369822597387}, "closing": {"time": 4.009999999999991, "portion": 0.007724829439113072}, "side note": {"time": 9.820000000000107, "portion": 0.018917163364611314}, "context": {"time": 6.689999999999998, "portion": 0.012887558341063978}, "self-promo": {"time": 2.169999999999959, "portion": 0.004180269297475085}}, "categories": {"overview": {"time": 6.43, "portion": 0.012386696581919493}, "step": {"time": 296.89, "portion": 0.5719263372015674}, "misc.": {"time": 24.320000000000064, "portion": 0.04684983839382315}, "description": {"time": 19.340000000000032, "portion": 0.03725640931482479}, "conclusion": {"time": 30.41999999999996, "portion": 0.05860082581990521}, "supplementary": {"time": 10.159999999999968, "portion": 0.019572136434261533}, "greeting": {"time": 4.009999999999991, "portion": 0.007724829439113072}}, "sections": {"intro": {"time": 6.43, "portion": 0.012386696581919493}, "procedure": {"time": 326.39000000000004, "portion": 0.6287548829506538}, "misc.": {"time": 24.320000000000064, "portion": 0.04684983839382315}, "outro": {"time": 34.42999999999995, "portion": 0.06632565525901828}}}, "unique_count": {"types": {"items": ["goal", "tool", "tool specification", "instruction", "bridge", "status", "outcome", "warning", "reflection", "closing", "side note", "context", "self-promo"], "number": 13}, "categories": {"items": ["overview", "step", "misc.", "description", "conclusion", "supplementary", "greeting"], "number": 7}, "sections": {"items": ["intro", "procedure", "misc.", "outro"], "number": 4}}}