{"vid": "kNsjE4HO7tE", "total": 124, "duration": 657.1711875, "count": {"types": {"opening": {"count": 2, "portion": 0.016129032258064516}, "goal": {"count": 4, "portion": 0.03225806451612903}, "side note": {"count": 8, "portion": 0.06451612903225806}, "bridge": {"count": 6, "portion": 0.04838709677419355}, "tool": {"count": 19, "portion": 0.1532258064516129}, "tool specification": {"count": 9, "portion": 0.07258064516129033}, "instruction": {"count": 33, "portion": 0.2661290322580645}, "justifcation": {"count": 1, "portion": 0.008064516129032258}, "effect": {"count": 5, "portion": 0.04032258064516129}, "status": {"count": 5, "portion": 0.04032258064516129}, "subgoal": {"count": 5, "portion": 0.04032258064516129}, "context": {"count": 2, "portion": 0.016129032258064516}, "outcome": {"count": 2, "portion": 0.016129032258064516}, "closing": {"count": 3, "portion": 0.024193548387096774}, "reflection": {"count": 11, "portion": 0.08870967741935484}, "self-promo": {"count": 9, "portion": 0.07258064516129033}}, "categories": {"greeting": {"count": 5, "portion": 0.04032258064516129}, "overview": {"count": 4, "portion": 0.03225806451612903}, "misc.": {"count": 23, "portion": 0.18548387096774194}, "step": {"count": 67, "portion": 0.5403225806451613}, "explanation": {"count": 5, "portion": 0.04032258064516129}, "description": {"count": 7, "portion": 0.056451612903225805}, "conclusion": {"count": 13, "portion": 0.10483870967741936}}, "sections": {"intro": {"count": 6, "portion": 0.04838709677419355}, "misc.": {"count": 23, "portion": 0.18548387096774194}, "procedure": {"count": 79, "portion": 0.6370967741935484}, "outro": {"count": 16, "portion": 0.12903225806451613}}}, "time_portion": {"types": {"opening": {"time": 2.76, "portion": 0.0041998189398709754}, "goal": {"time": 23.139999999999997, "portion": 0.03521152545964289}, "side note": {"time": 28.400000000000023, "portion": 0.0432155282218608}, "bridge": {"time": 8.819999999999979, "portion": 0.013421160525239825}, "tool": {"time": 76.08999999999999, "portion": 0.11578413881695018}, "tool specification": {"time": 50.909999999999954, "portion": 0.07746839935827217}, "instruction": {"time": 196.98999999999998, "portion": 0.2997544684656462}, "justifcation": {"time": 3.430000000000007, "portion": 0.005219340204259955}, "effect": {"time": 15.28000000000003, "portion": 0.023251171522184286}, "status": {"time": 14.10000000000008, "portion": 0.021455596758036627}, "subgoal": {"time": 21.05000000000001, "portion": 0.0320312277841609}, "context": {"time": 13.180000000000007, "portion": 0.02005565711141286}, "outcome": {"time": 14.100000000000023, "portion": 0.02145559675803654}, "closing": {"time": 6.369999999999891, "portion": 0.00969306037933973}, "reflection": {"time": 50.62999999999977, "portion": 0.07704233077016903}, "self-promo": {"time": 40.500000000000114, "portion": 0.06162777792201992}}, "categories": {"greeting": {"time": 9.12999999999989, "portion": 0.013892879319210705}, "overview": {"time": 23.139999999999997, "portion": 0.03521152545964289}, "misc.": {"time": 77.72000000000011, "portion": 0.11826446666912054}, "step": {"time": 348.4699999999999, "portion": 0.5302575746292894}, "explanation": {"time": 15.28000000000003, "portion": 0.023251171522184286}, "description": {"time": 27.280000000000086, "portion": 0.04151125386944948}, "conclusion": {"time": 64.72999999999979, "portion": 0.09849792752820558}}, "sections": {"intro": {"time": 25.9, "portion": 0.03941134439951386}, "misc.": {"time": 77.72000000000011, "portion": 0.11826446666912054}, "procedure": {"time": 391.0300000000001, "portion": 0.5950200000209231}, "outro": {"time": 71.09999999999968, "portion": 0.1081909879075453}}}, "unique_count": {"types": {"items": ["opening", "goal", "side note", "bridge", "tool", "tool specification", "instruction", "justifcation", "effect", "status", "subgoal", "context", "outcome", "closing", "reflection", "self-promo"], "number": 16}, "categories": {"items": ["greeting", "overview", "misc.", "step", "explanation", "description", "conclusion"], "number": 7}, "sections": {"items": ["intro", "misc.", "procedure", "outro"], "number": 4}}}