{"vid": "m0H56KpKLHA", "total": 62, "duration": 320.7604375, "count": {"types": {"goal": {"count": 1, "portion": 0.016129032258064516}, "opening": {"count": 3, "portion": 0.04838709677419355}, "motivation": {"count": 4, "portion": 0.06451612903225806}, "status": {"count": 1, "portion": 0.016129032258064516}, "instruction": {"count": 17, "portion": 0.27419354838709675}, "subgoal": {"count": 2, "portion": 0.03225806451612903}, "justification": {"count": 3, "portion": 0.04838709677419355}, "tool": {"count": 6, "portion": 0.0967741935483871}, "tool specification": {"count": 2, "portion": 0.03225806451612903}, "tip": {"count": 5, "portion": 0.08064516129032258}, "warning": {"count": 1, "portion": 0.016129032258064516}, "context": {"count": 7, "portion": 0.11290322580645161}, "outcome": {"count": 1, "portion": 0.016129032258064516}, "reflection": {"count": 5, "portion": 0.08064516129032258}, "side note": {"count": 2, "portion": 0.03225806451612903}, "self-promo": {"count": 1, "portion": 0.016129032258064516}, "closing": {"count": 1, "portion": 0.016129032258064516}}, "categories": {"overview": {"count": 5, "portion": 0.08064516129032258}, "greeting": {"count": 4, "portion": 0.06451612903225806}, "description": {"count": 8, "portion": 0.12903225806451613}, "step": {"count": 23, "portion": 0.3709677419354839}, "explanation": {"count": 3, "portion": 0.04838709677419355}, "supplementary": {"count": 8, "portion": 0.12903225806451613}, "conclusion": {"count": 8, "portion": 0.12903225806451613}, "misc.": {"count": 3, "portion": 0.04838709677419355}}, "sections": {"intro": {"count": 8, "portion": 0.12903225806451613}, "procedure": {"count": 42, "portion": 0.6774193548387096}, "outro": {"count": 9, "portion": 0.14516129032258066}, "misc.": {"count": 3, "portion": 0.04838709677419355}}}, "time_portion": {"types": {"goal": {"time": 6.59, "portion": 0.020544927707925324}, "opening": {"time": 6.68, "portion": 0.0208255109391413}, "motivation": {"time": 15.21, "portion": 0.04741856607549988}, "status": {"time": 6.949999999999996, "portion": 0.021667260632789214}, "instruction": {"time": 87.26999999999998, "portion": 0.27207220653575764}, "subgoal": {"time": 9.56000000000001, "portion": 0.02980417433805255}, "justification": {"time": 12.059999999999974, "portion": 0.03759815298294065}, "tool": {"time": 29.97, "portion": 0.09343421599491987}, "tool specification": {"time": 8.240000000000009, "portion": 0.025688953613551575}, "tip": {"time": 25.439999999999998, "portion": 0.07931152669038243}, "warning": {"time": 3.6500000000000057, "portion": 0.011379208821536806}, "context": {"time": 36.15999999999994, "portion": 0.1127321071196629}, "outcome": {"time": 4.439999999999998, "portion": 0.013842106073321456}, "reflection": {"time": 30.610000000000014, "portion": 0.0954294745280113}, "side note": {"time": 12.610000000000014, "portion": 0.03931282828481618}, "self-promo": {"time": 8.449999999999989, "portion": 0.026343647819722118}, "closing": {"time": 0.7599999999999909, "portion": 0.0023693695080459877}}, "categories": {"overview": {"time": 21.8, "portion": 0.0679634937834252}, "greeting": {"time": 7.439999999999991, "portion": 0.023194880447187288}, "description": {"time": 43.109999999999935, "portion": 0.13439936775245212}, "step": {"time": 111.54000000000005, "portion": 0.3477361512203326}, "explanation": {"time": 12.059999999999974, "portion": 0.03759815298294065}, "supplementary": {"time": 38.099999999999994, "portion": 0.11878023454809632}, "conclusion": {"time": 49.539999999999964, "portion": 0.1544454808271047}, "misc.": {"time": 21.060000000000002, "portion": 0.0656564761045383}}, "sections": {"intro": {"time": 28.48, "portion": 0.08878900472256651}, "procedure": {"time": 204.80999999999995, "portion": 0.6385139065038217}, "outro": {"time": 50.299999999999955, "portion": 0.15681485033515066}, "misc.": {"time": 21.060000000000002, "portion": 0.0656564761045383}}}, "unique_count": {"types": {"items": ["goal", "opening", "motivation", "status", "instruction", "subgoal", "justification", "tool", "tool specification", "tip", "warning", "context", "outcome", "reflection", "side note", "self-promo", "closing"], "number": 17}, "categories": {"items": ["overview", "greeting", "description", "step", "explanation", "supplementary", "conclusion", "misc."], "number": 8}, "sections": {"items": ["intro", "procedure", "outro", "misc."], "number": 4}}}