{"vid": "mj1Fu3-XQpI", "total": 114, "duration": 483.5788125, "count": {"types": {"opening": {"count": 1, "portion": 0.008771929824561403}, "goal": {"count": 1, "portion": 0.008771929824561403}, "tool": {"count": 5, "portion": 0.043859649122807015}, "tool specification": {"count": 15, "portion": 0.13157894736842105}, "instruction": {"count": 33, "portion": 0.2894736842105263}, "effect": {"count": 5, "portion": 0.043859649122807015}, "context": {"count": 11, "portion": 0.09649122807017543}, "justification": {"count": 1, "portion": 0.008771929824561403}, "bridge": {"count": 3, "portion": 0.02631578947368421}, "warning": {"count": 16, "portion": 0.14035087719298245}, "side note": {"count": 6, "portion": 0.05263157894736842}, "subgoal": {"count": 1, "portion": 0.008771929824561403}, "reflection": {"count": 13, "portion": 0.11403508771929824}, "closing": {"count": 3, "portion": 0.02631578947368421}}, "categories": {"greeting": {"count": 4, "portion": 0.03508771929824561}, "overview": {"count": 1, "portion": 0.008771929824561403}, "step": {"count": 53, "portion": 0.4649122807017544}, "explanation": {"count": 6, "portion": 0.05263157894736842}, "description": {"count": 11, "portion": 0.09649122807017543}, "misc.": {"count": 10, "portion": 0.08771929824561403}, "supplementary": {"count": 16, "portion": 0.14035087719298245}, "conclusion": {"count": 13, "portion": 0.11403508771929824}}, "sections": {"intro": {"count": 2, "portion": 0.017543859649122806}, "procedure": {"count": 86, "portion": 0.7543859649122807}, "misc.": {"count": 10, "portion": 0.08771929824561403}, "outro": {"count": 16, "portion": 0.14035087719298245}}}, "time_portion": {"types": {"opening": {"time": 1.95, "portion": 0.0040324347336867655}, "goal": {"time": 2.41, "portion": 0.004983675747787234}, "tool": {"time": 16.21000000000001, "portion": 0.03352090617080129}, "tool specification": {"time": 92.99000000000007, "portion": 0.19229543891565776}, "instruction": {"time": 128.14, "portion": 0.2649826598844216}, "effect": {"time": 19.170000000000016, "portion": 0.039641935305013004}, "context": {"time": 49.07000000000008, "portion": 0.10147260122154354}, "justification": {"time": 7.469999999999999, "portion": 0.015447326902892376}, "bridge": {"time": 5.079999999999956, "portion": 0.010505009460065945}, "warning": {"time": 69.42000000000016, "portion": 0.1435546765192492}, "side note": {"time": 15.539999999999878, "portion": 0.0321354029546112}, "subgoal": {"time": 3.2900000000000205, "portion": 0.006803441166066432}, "reflection": {"time": 45.11999999999995, "portion": 0.09330433599176752}, "closing": {"time": 6.080000000000041, "portion": 0.012572924708110616}}, "categories": {"greeting": {"time": 8.03000000000004, "portion": 0.01660535944179738}, "overview": {"time": 2.41, "portion": 0.004983675747787234}, "step": {"time": 234.38000000000005, "portion": 0.4846779758366689}, "explanation": {"time": 26.640000000000015, "portion": 0.05508926220790538}, "description": {"time": 49.07000000000008, "portion": 0.10147260122154354}, "misc.": {"time": 26.869999999999862, "portion": 0.0555648827149553}, "supplementary": {"time": 69.42000000000016, "portion": 0.1435546765192492}, "conclusion": {"time": 45.11999999999995, "portion": 0.09330433599176752}}, "sections": {"intro": {"time": 4.36, "portion": 0.009016110481474}, "procedure": {"time": 379.5100000000003, "portion": 0.784794515785367}, "misc.": {"time": 26.869999999999862, "portion": 0.0555648827149553}, "outro": {"time": 51.19999999999999, "portion": 0.10587726069987813}}}, "unique_count": {"types": {"items": ["opening", "goal", "tool", "tool specification", "instruction", "effect", "context", "justification", "bridge", "warning", "side note", "subgoal", "reflection", "closing"], "number": 14}, "categories": {"items": ["greeting", "overview", "step", "explanation", "description", "misc.", "supplementary", "conclusion"], "number": 8}, "sections": {"items": ["intro", "procedure", "misc.", "outro"], "number": 4}}}