{"vid": "UriwETsgsqg", "total": 96, "duration": 475.86975, "count": {"types": {"opening": {"count": 1, "portion": 0.010416666666666666}, "side note": {"count": 46, "portion": 0.4791666666666667}, "goal": {"count": 1, "portion": 0.010416666666666666}, "tool": {"count": 4, "portion": 0.041666666666666664}, "instruction": {"count": 35, "portion": 0.3645833333333333}, "status": {"count": 3, "portion": 0.03125}, "warning": {"count": 1, "portion": 0.010416666666666666}, "effect": {"count": 2, "portion": 0.020833333333333332}, "subgoal": {"count": 2, "portion": 0.020833333333333332}, "closing": {"count": 1, "portion": 0.010416666666666666}}, "categories": {"greeting": {"count": 2, "portion": 0.020833333333333332}, "misc.": {"count": 47, "portion": 0.4895833333333333}, "overview": {"count": 1, "portion": 0.010416666666666666}, "step": {"count": 40, "portion": 0.4166666666666667}, "description": {"count": 3, "portion": 0.03125}, "supplementary": {"count": 1, "portion": 0.010416666666666666}, "explanation": {"count": 2, "portion": 0.020833333333333332}}, "sections": {"intro": {"count": 2, "portion": 0.020833333333333332}, "misc.": {"count": 47, "portion": 0.4895833333333333}, "procedure": {"count": 46, "portion": 0.4791666666666667}, "outro": {"count": 1, "portion": 0.010416666666666666}}}, "time_portion": {"types": {"opening": {"time": 5.67, "portion": 0.011915025067258425}, "side note": {"time": 76.78999999999999, "portion": 0.1613676851701542}, "goal": {"time": 5.109999999999999, "portion": 0.010738232468023023}, "tool": {"time": 26.63999999999998, "portion": 0.05598170507791256}, "instruction": {"time": 152.71000000000006, "portion": 0.32090713898078216}, "status": {"time": 8.030000000000015, "portion": 0.016874365306893357}, "warning": {"time": 2.3499999999999943, "portion": 0.004938326086077113}, "effect": {"time": 4.780000000000001, "portion": 0.010044765400616452}, "subgoal": {"time": 3.230000000000018, "portion": 0.006787571599161363}, "closing": {"time": 5.649999999999977, "portion": 0.011872996760142827}}, "categories": {"greeting": {"time": 11.319999999999977, "portion": 0.02378802182740125}, "misc.": {"time": 80.59999999999997, "portion": 0.16937407767566642}, "overview": {"time": 5.109999999999999, "portion": 0.010738232468023023}, "step": {"time": 178.7700000000001, "portion": 0.3756700231523439}, "description": {"time": 8.030000000000015, "portion": 0.016874365306893357}, "supplementary": {"time": 2.3499999999999943, "portion": 0.004938326086077113}, "explanation": {"time": 4.780000000000001, "portion": 0.010044765400616452}}, "sections": {"intro": {"time": 10.78, "portion": 0.022653257535281447}, "misc.": {"time": 80.59999999999997, "portion": 0.16937407767566642}, "procedure": {"time": 193.9300000000001, "portion": 0.40752747994593075}, "outro": {"time": 5.649999999999977, "portion": 0.011872996760142827}}}, "unique_count": {"types": {"items": ["opening", "side note", "goal", "tool", "instruction", "status", "warning", "effect", "subgoal", "closing"], "number": 10}, "categories": {"items": ["greeting", "misc.", "overview", "step", "description", "supplementary", "explanation"], "number": 7}, "sections": {"items": ["intro", "misc.", "procedure", "outro"], "number": 4}}}