{"vid": "XFYHIg8U--4", "total": 118, "duration": 476.3341875, "count": {"types": {"opening": {"count": 1, "portion": 0.00847457627118644}, "motivation": {"count": 5, "portion": 0.0423728813559322}, "side note": {"count": 1, "portion": 0.00847457627118644}, "goal": {"count": 3, "portion": 0.025423728813559324}, "context": {"count": 12, "portion": 0.1016949152542373}, "status": {"count": 27, "portion": 0.2288135593220339}, "tool specification": {"count": 4, "portion": 0.03389830508474576}, "subgoal": {"count": 4, "portion": 0.03389830508474576}, "justification": {"count": 1, "portion": 0.00847457627118644}, "bridge": {"count": 3, "portion": 0.025423728813559324}, "instruction": {"count": 28, "portion": 0.23728813559322035}, "effect": {"count": 4, "portion": 0.03389830508474576}, "reflection": {"count": 18, "portion": 0.15254237288135594}, "tool": {"count": 2, "portion": 0.01694915254237288}, "outcome": {"count": 2, "portion": 0.01694915254237288}, "warning": {"count": 2, "portion": 0.01694915254237288}, "closing": {"count": 1, "portion": 0.00847457627118644}}, "categories": {"greeting": {"count": 2, "portion": 0.01694915254237288}, "overview": {"count": 8, "portion": 0.06779661016949153}, "misc.": {"count": 10, "portion": 0.0847457627118644}, "description": {"count": 52, "portion": 0.4406779661016949}, "step": {"count": 19, "portion": 0.16101694915254236}, "explanation": {"count": 5, "portion": 0.0423728813559322}, "conclusion": {"count": 20, "portion": 0.1694915254237288}, "supplementary": {"count": 2, "portion": 0.01694915254237288}}, "sections": {"intro": {"count": 9, "portion": 0.07627118644067797}, "misc.": {"count": 10, "portion": 0.0847457627118644}, "procedure": {"count": 78, "portion": 0.6610169491525424}, "outro": {"count": 21, "portion": 0.17796610169491525}}}, "time_portion": {"types": {"opening": {"time": 1.9900000000000002, "portion": 0.004177739184425011}, "motivation": {"time": 21.429999999999996, "portion": 0.04498942247348139}, "side note": {"time": 2.8099999999999987, "portion": 0.0058992196523790326}, "goal": {"time": 18.349999999999998, "portion": 0.038523373886532125}, "context": {"time": 37.34999999999999, "portion": 0.07841133594888146}, "status": {"time": 100.65000000000003, "portion": 0.2113012306092349}, "tool specification": {"time": 19.419999999999973, "portion": 0.040769695960569646}, "subgoal": {"time": 13.89, "portion": 0.029160199634001707}, "justification": {"time": 3.049999999999997, "portion": 0.006403067594219231}, "bridge": {"time": 5.189999999999969, "portion": 0.01089571174229431}, "instruction": {"time": 109.69000000000024, "portion": 0.23027950308521627}, "effect": {"time": 13.15999999999994, "portion": 0.027627662144237633}, "reflection": {"time": 55.460000000000036, "portion": 0.11643086189357349}, "tool": {"time": 7.480000000000018, "portion": 0.015703260854019675}, "outcome": {"time": 7.1399999999999295, "portion": 0.01498947626974587}, "warning": {"time": 11.159999999999968, "portion": 0.023428929295569337}, "closing": {"time": 3.3700000000000045, "portion": 0.007074864850006184}}, "categories": {"greeting": {"time": 5.360000000000005, "portion": 0.011252604034431193}, "overview": {"time": 39.779999999999994, "portion": 0.08351279636001352}, "misc.": {"time": 26.27000000000005, "portion": 0.05515035596725891}, "description": {"time": 184.6100000000001, "portion": 0.38756403559633246}, "step": {"time": 85.6000000000001, "portion": 0.1797057659230057}, "explanation": {"time": 16.209999999999937, "portion": 0.03403072973845686}, "conclusion": {"time": 62.599999999999966, "portion": 0.13142033816331936}, "supplementary": {"time": 11.159999999999968, "portion": 0.023428929295569337}}, "sections": {"intro": {"time": 41.769999999999996, "portion": 0.08769053554443854}, "misc.": {"time": 26.27000000000005, "portion": 0.05515035596725891}, "procedure": {"time": 297.5800000000001, "portion": 0.6247294605533643}, "outro": {"time": 65.96999999999997, "portion": 0.13849520301332555}}}, "unique_count": {"types": {"items": ["opening", "motivation", "side note", "goal", "context", "status", "tool specification", "subgoal", "justification", "bridge", "instruction", "effect", "reflection", "tool", "outcome", "warning", "closing"], "number": 17}, "categories": {"items": ["greeting", "overview", "misc.", "description", "step", "explanation", "conclusion", "supplementary"], "number": 8}, "sections": {"items": ["intro", "misc.", "procedure", "outro"], "number": 4}}}