{"vid": "ygRQRgR11Zg", "total": 71, "duration": 434.5846875, "count": {"types": {"opening": {"count": 1, "portion": 0.014084507042253521}, "goal": {"count": 2, "portion": 0.028169014084507043}, "subgoal": {"count": 2, "portion": 0.028169014084507043}, "instruction": {"count": 33, "portion": 0.4647887323943662}, "bridge": {"count": 2, "portion": 0.028169014084507043}, "justification": {"count": 3, "portion": 0.04225352112676056}, "tool": {"count": 2, "portion": 0.028169014084507043}, "effect": {"count": 2, "portion": 0.028169014084507043}, "tip": {"count": 1, "portion": 0.014084507042253521}, "status": {"count": 7, "portion": 0.09859154929577464}, "tool specification": {"count": 2, "portion": 0.028169014084507043}, "context": {"count": 5, "portion": 0.07042253521126761}, "warning": {"count": 3, "portion": 0.04225352112676056}, "closing": {"count": 4, "portion": 0.056338028169014086}, "self-promo": {"count": 2, "portion": 0.028169014084507043}}, "categories": {"greeting": {"count": 5, "portion": 0.07042253521126761}, "overview": {"count": 2, "portion": 0.028169014084507043}, "step": {"count": 39, "portion": 0.5492957746478874}, "misc.": {"count": 4, "portion": 0.056338028169014086}, "explanation": {"count": 5, "portion": 0.07042253521126761}, "supplementary": {"count": 4, "portion": 0.056338028169014086}, "description": {"count": 12, "portion": 0.16901408450704225}}, "sections": {"intro": {"count": 3, "portion": 0.04225352112676056}, "procedure": {"count": 60, "portion": 0.8450704225352113}, "misc.": {"count": 4, "portion": 0.056338028169014086}, "outro": {"count": 4, "portion": 0.056338028169014086}}}, "time_portion": {"types": {"opening": {"time": 2.339999999999998, "portion": 0.0053844511031005855}, "goal": {"time": 14.020000000000003, "portion": 0.0322606856690044}, "subgoal": {"time": 6.730000000000011, "portion": 0.015486049540114115}, "instruction": {"time": 227.28000000000003, "portion": 0.5229820712447445}, "bridge": {"time": 6.5, "portion": 0.014956808619723861}, "justification": {"time": 25.410000000000025, "portion": 0.05846961646572057}, "tool": {"time": 8.680000000000035, "portion": 0.01997309212603133}, "effect": {"time": 8.43999999999997, "portion": 0.019420840730841372}, "tip": {"time": 5.530000000000001, "portion": 0.012724792564165073}, "status": {"time": 25.500000000000085, "portion": 0.05867671073891688}, "tool specification": {"time": 11.260000000000048, "portion": 0.02590979462432175}, "context": {"time": 21.029999999999973, "portion": 0.048391028503506524}, "warning": {"time": 6.53000000000003, "portion": 0.015025840044122654}, "closing": {"time": 4.009999999999991, "portion": 0.009227200394629622}, "self-promo": {"time": 6.460000000000036, "portion": 0.014864766720525644}}, "categories": {"greeting": {"time": 6.349999999999989, "portion": 0.014611651497730208}, "overview": {"time": 14.020000000000003, "portion": 0.0322606856690044}, "step": {"time": 253.95000000000013, "portion": 0.5843510075352117}, "misc.": {"time": 12.960000000000036, "portion": 0.029821575340249505}, "explanation": {"time": 33.849999999999994, "portion": 0.07789045719656194}, "supplementary": {"time": 12.06000000000003, "portion": 0.027750632608287727}, "description": {"time": 46.53000000000006, "portion": 0.1070677392424234}}, "sections": {"intro": {"time": 16.36, "portion": 0.03764513677210498}, "procedure": {"time": 346.3900000000002, "portion": 0.7970598365824848}, "misc.": {"time": 12.960000000000036, "portion": 0.029821575340249505}, "outro": {"time": 4.009999999999991, "portion": 0.009227200394629622}}}, "unique_count": {"types": {"items": ["opening", "goal", "subgoal", "instruction", "bridge", "justification", "tool", "effect", "tip", "status", "tool specification", "context", "warning", "closing", "self-promo"], "number": 15}, "categories": {"items": ["greeting", "overview", "step", "misc.", "explanation", "supplementary", "description"], "number": 7}, "sections": {"items": ["intro", "procedure", "misc.", "outro"], "number": 4}}}